regime,method,test_cvar,objective,mean_return,tc_adjusted_return,volatility,sharpe,sortino,max_drawdown,turnover,tail_loss_frequency,oracle_objective,oracle_regret,test_cvar_sem,objective_sem,mean_return_sem,tc_adjusted_return_sem,volatility_sem,sharpe_sem,sortino_sem,max_drawdown_sem,turnover_sem,tail_loss_frequency_sem,oracle_objective_sem,oracle_regret_sem,test_cvar_win_rate,oracle_regret_win_rate,tc_adjusted_return_win_rate
heavy_tail_medium_sample,dfl,0.013147367283746289,0.012523160216616064,0.003938782261405209,0.0031210353356511205,0.00810541891638547,0.38097324911631747,0.8025463461262676,-0.030037357434152544,0.8162704641487561,0.1584,0.00635914904604426,0.006164011170571804,0.0006595924371343774,0.0006661018325477994,0.0003914763484337129,0.0003928931367645065,0.0004207040637028862,0.03254166616006263,0.10861988079188149,0.003588628872041628,0.009119652428514249,0.016079800993793424,0.000741048377186165,0.0005560321333026124,0.0,0.0,0.2
heavy_tail_medium_sample,equal_weight,0.011918740687777844,0.012472712930978258,-0.0027698612160020745,-0.0027698612160020745,0.004795640777368529,-0.5956909627319715,-0.5489370811494576,-0.2977682937174937,0.0,0.3488,0.00635914904604426,0.006113563884933998,0.00045878607311972906,0.0004439075548444832,0.00020902304749279444,0.00020902304749279444,0.00033454156789956623,0.06995823588975751,0.042905788629364394,0.016853132626428517,0.0,0.02636361128525453,0.000741048377186165,0.0008313387804169618,0.0,0.0,0.0
heavy_tail_medium_sample,min_variance,0.010096990684601178,0.010627059812781808,-0.002647019812708309,-0.002650345640903156,0.003853730011448246,-0.6875872172110735,-0.5998883831605697,-0.2844438248253487,3.3464662107431174e-16,0.3056,0.00635914904604426,0.004267910766737548,0.00040262982047406087,0.00042836297445198623,0.0001314029764335096,0.0001311727185341363,0.00012311970559442646,0.025565552395604714,0.011407627276846272,0.012046864645190825,2.829193505344793e-16,0.0316379518932563,0.000741048377186165,0.0005068229966090013,0.0,0.0,0.0
heavy_tail_medium_sample,robust_dfl,0.011576301752897398,0.010929960901757066,0.004043623107084083,0.0032317042557016597,0.007575688461445129,0.4251177907696609,0.954844849879773,-0.03098061113701047,0.8108902409334118,0.13279999999999997,0.00635914904604426,0.0045708118557128054,0.0008815642229332157,0.0008881430558685182,0.0004340317686273246,0.0004389954969121487,0.0003258301383978735,0.05035288250708024,0.13533548531417045,0.007368170922300974,0.017344915451479533,0.010910545357588687,0.000741048377186165,0.0010759386227280092,0.0,0.2,0.4
heavy_tail_medium_sample,robust_two_stage,0.007956486406398428,0.007664932107643607,0.002022365748188158,0.0014577714937741074,0.005148805761808752,0.28678897424888034,0.6775985625744291,-0.02706097297583221,0.5627883199020852,0.11200000000000002,0.00635914904604426,0.0013057830615993454,0.000991415347454878,0.0010753603415157307,0.0004385592870603987,0.0004304527430361621,0.00020716361207373483,0.08545205324451007,0.29514209070329384,0.005334629781446055,0.013255522101776853,0.015388307249337077,0.000741048377186165,0.000715398240057141,0.8,0.4,0.0
heavy_tail_medium_sample,two_stage,0.008487857793226763,0.007823264487740534,0.004045191920112613,0.0033229665274311523,0.005945288203577614,0.5625979424823038,1.4206992954766196,-0.01946334443602511,0.7196352681150457,0.0736,0.00635914904604426,0.0014641154416962729,0.0008487718889388648,0.0009169770090543873,0.0004189764487602106,0.0004108172897182046,0.00025579098365838656,0.07090609189649845,0.2995556992068492,0.00201694691047437,0.011272969544443345,0.005878775382679626,0.000741048377186165,0.0004466323385153507,0.2,0.4,0.4
high_cost_turnover_constrained,dfl,0.021521191270502924,0.022145418887858086,-0.0005861065411253495,-0.003121138086775825,0.0077958222165305955,-0.40472996131244593,-0.41418690393763435,-0.3317197747836714,0.502273759483241,0.1312,0.016145031580610536,0.0060003873072475514,0.000648111741378922,0.0006443819421878932,0.0002178502042553133,0.0001421265053913325,0.0003885966570553401,0.0272196068755545,0.021045545751485373,0.008107182832909727,0.030120686636779474,0.012026637102698325,0.0008946636277639432,0.000589770769196742,0.0,0.0,0.0
high_cost_turnover_constrained,equal_weight,0.038855595440160436,0.039842603023807335,-0.004935037918234493,-0.004935037918234493,0.009706412498594249,-0.5063694142519252,-0.45783906389072204,-0.45720775942311426,0.0,0.08159999999999999,0.016145031580610536,0.0236975714431968,0.002429353407738852,0.002501931425555675,0.0003900366408824645,0.0003900366408824645,0.00036089697019568983,0.028076212124809336,0.018675412924656708,0.022190783277926583,0.0,0.009927738916792684,0.0008946636277639432,0.002784944826768315,0.0,0.0,0.0
high_cost_turnover_constrained,min_variance,0.019699403954740978,0.020384847306536242,-0.003389286753153252,-0.0034272167589763187,0.005906298844668526,-0.582692589287106,-0.522355089834867,-0.34385540690756766,0.004421372142340947,0.0752,0.016145031580610536,0.004239815725925705,0.001262081751587393,0.0013018322327807358,0.00026714468452016617,0.0002653743481980246,0.00027173344448786255,0.042579120008291685,0.025814246096079286,0.017690661159362693,0.0005570756212644664,0.006499230723708768,0.0008946636277639432,0.000825211145713061,0.0,0.0,0.0
high_cost_turnover_constrained,robust_dfl,0.020663401357146016,0.021246037497262844,-0.00045140355696870696,-0.0029131807005841354,0.007352033886491784,-0.39929625127232315,-0.4052985613176311,-0.30980793549607577,0.4865357500238449,0.11680000000000001,0.016145031580610536,0.005101005916652308,0.0005284896752837474,0.0005376168642595423,0.0002554416729984787,0.00019655348746118275,0.0002102980045377179,0.03319242386203312,0.025328801590361473,0.015495208577935057,0.025455103476791356,0.013047605144240073,0.0008946636277639432,0.0010020302283692585,0.0,0.0,0.0
high_cost_turnover_constrained,robust_two_stage,0.018166853377505253,0.01858440767426835,-0.000439467664577505,-0.0020877714838154733,0.006962207389890227,-0.3036512556507848,-0.3293336137294905,-0.24327882846946366,0.32909351194313735,0.088,0.016145031580610536,0.0024393760936578125,0.000904476319004245,0.0009193740848472337,0.00019048853890981643,0.0001767418172978657,0.00031315702777395284,0.03163291287192473,0.026704832298573226,0.00879237983590015,0.013356997215748363,0.017158088471621775,0.0008946636277639432,0.0007633679906670997,0.6,0.6,0.0
high_cost_turnover_constrained,two_stage,0.01828544893578019,0.018555841750595777,0.000498753021696239,-0.0013519640740779313,0.007354312988021085,-0.18462592178892767,-0.2121379758487678,-0.18709884698271478,0.36990264027704955,0.0896,0.016145031580610536,0.0024108101699852388,0.0007947902506371847,0.0008351983043197232,0.00037374822916024793,0.0003550941031610161,0.0002575975579260671,0.04687263373785667,0.04860877282736301,0.017518476126411428,0.006519630962494509,0.011973303637676612,0.0008946636277639432,0.0004570711800666264,0.4,0.4,1.0
nonlinear_misspecified,dfl,0.012238083686771633,0.0117211640333246,0.0033828109746998104,0.002584598267235173,0.007165784940870166,0.35823853807121636,0.6836980194700049,-0.03835471170220082,0.7962098989113129,0.26880000000000004,0.0026911476187672484,0.009030016414557352,0.0010214872893630131,0.0010070487629957495,0.00028140743042016046,0.00027639871839511837,0.0002446366534193234,0.028606252322574764,0.0819432526448884,0.00469535496411288,0.011075893570807543,0.034185376990754385,0.0005668776704949207,0.0012427079816162258,0.0,0.0,0.4
nonlinear_misspecified,equal_weight,0.009320751360619836,0.009706893192437224,-0.0019307091590869303,-0.0019307091590869303,0.0038292569044525446,-0.5140739489079212,-0.4961180562152376,-0.2206198851812397,0.0,0.5136000000000001,0.0026911476187672484,0.007015745573669974,0.0004322080145913781,0.0004468068090125913,0.00018252967237285025,0.00018252967237285025,0.00022870918289946774,0.060555095111235656,0.039924718227509655,0.014397483736839653,0.0,0.0606841000592412,0.0005668776704949207,0.0008233009028967646,0.0,0.0,0.0
nonlinear_misspecified,min_variance,0.007716649014039523,0.008071674743337897,-0.001771422228090663,-0.00177512864649188,0.0030528503865297606,-0.5821443398794144,-0.5417616594651935,-0.20153439417948923,3.5628945571573814e-17,0.5168,0.0026911476187672484,0.00538052712457065,0.0003546822057148685,0.00036614374264031614,8.215228101285747e-05,8.214048964363102e-05,8.730688639740954e-05,0.026373364446712556,0.015141853972881944,0.008617227862064656,1.5593118516003666e-17,0.07317267249458641,0.0005668776704949207,0.0006841784704771882,0.0,0.0,0.0
nonlinear_misspecified,robust_dfl,0.011080557374235503,0.010577237647234592,0.0033048114043027392,0.002516598635004551,0.006808241380697373,0.3694003390791785,0.75459269558437,-0.028237800609178444,0.7866408180516793,0.2512,0.0026911476187672484,0.007886090028467343,0.0009380165799281217,0.0009745965802619689,0.00034312108846994935,0.00035147750559781047,0.00014988355198530866,0.05043248309906907,0.16585330931148123,0.0037707936107304334,0.01222694754730674,0.027896953238660316,0.0005668776704949207,0.0013173435150701084,0.0,0.0,0.2
nonlinear_misspecified,robust_two_stage,0.006923250834700495,0.006677437244882146,0.001749707208849879,0.0012290679490917383,0.004315070365825652,0.28271823827288756,0.5378451485697111,-0.02523837390638921,0.517546827328345,0.264,0.0026911476187672484,0.003986289626114898,0.0002282839824038662,0.00020832597676253528,0.0002447849514432661,0.00024266060660243206,0.00010877088006150297,0.05518353337229653,0.11143754652343368,0.005993479978522641,0.019302641784738207,0.04187600745056768,0.0005668776704949207,0.0007382586478736062,0.8,0.8,0.0
nonlinear_misspecified,two_stage,0.0073923281604529045,0.006888353025117236,0.00320290043849367,0.0025198756766783422,0.005109132702234913,0.492282132822296,1.1168667743569691,-0.01802136956766891,0.6801962778390992,0.2016,0.0026911476187672484,0.004197205406349988,0.00044751963417568973,0.0004200587554149017,0.00022679454916743039,0.0002214822911934383,0.00022987763512889565,0.034719754617303575,0.0969566515371247,0.002970275674205493,0.02395682337363843,0.02670131082924582,0.0005668776704949207,0.0008935739855317856,0.2,0.2,0.4
predictable_tail_crash,dfl,0.02313647790562547,0.02358315767869716,-0.0016490764793884872,-0.002233398865358457,0.00906983300594228,-0.2447049046125497,-0.28005835859072964,-0.24446466356924787,0.5795738884581667,0.09759999999999999,0.01705515595016862,0.006528001728528539,0.0018066869951779004,0.0018662126544010044,0.00035718519600376085,0.00036232281400369257,0.000338492953550327,0.03745918421985989,0.03258838995899084,0.034492143371646855,0.01710284661738596,0.008158431221748455,0.0014558085208358671,0.0006735315963209465,0.0,0.0,0.0
predictable_tail_crash,equal_weight,0.04739209352304222,0.04904426622584727,-0.008260863514025262,-0.008260863514025262,0.01233355505434972,-0.6753770689624734,-0.5624145650447163,-0.6408211806253601,0.0,0.1376,0.01705515595016862,0.03198911027567865,0.0010300844928659311,0.0010189715350090763,0.0004892071356651966,0.0004892071356651966,0.0003484920671684922,0.05383659158654136,0.02835055468846412,0.02160778899350254,0.0,0.008158431221748455,0.0014558085208358671,0.0012742229018918685,0.0,0.0,0.0
predictable_tail_crash,min_variance,0.01949365154312139,0.020553833146876872,-0.005293219955833753,-0.005300908018777407,0.005927631903896341,-0.8987826076199041,-0.6780243027693513,-0.4809321462903755,2.8736123960815414e-15,0.096,0.01705515595016862,0.003498677196708248,0.0009751378999392956,0.0009920972889920188,0.00014097970883147757,0.0001406700342903067,0.0002588472077563096,0.03221884262993663,0.012131269276241832,0.0074287267415249275,2.228006991617818e-15,0.0071554175279993255,0.0014558085208358671,0.0007408312154568657,0.0,0.0,0.0
predictable_tail_crash,robust_dfl,0.021669489961204647,0.022047269539364138,-0.0013371973302043285,-0.0018888978907974387,0.008765364352336819,-0.22681531406253724,-0.2487635141137161,-0.21343258733909404,0.5469999172423375,0.0848,0.01705515595016862,0.004992113589195514,0.0009671233096265639,0.0010500539192096923,0.000560075795053234,0.0005517239178838657,0.0004125694274378752,0.0756792658713306,0.06566388110751274,0.050798907202600996,0.021135512729200945,0.004079215610874229,0.0014558085208358671,0.0005526323498189559,0.0,0.0,0.4
predictable_tail_crash,robust_two_stage,0.017253749921240135,0.017881377617463834,-0.0027680050511158785,-0.0031381384811184896,0.007071800704390926,-0.48229819333745977,-0.4534752814641215,-0.3211981838164172,0.3631617400546235,0.07680000000000001,0.01705515595016862,0.0008262216672952124,0.0011528953749019597,0.0011155708917135782,0.0006015232445623396,0.0005811615223978372,0.0006828516243857142,0.10705855588379463,0.08576419319036536,0.04815901235315596,0.04542473254486258,0.005425863986500214,0.0014558085208358671,0.0007986713039848308,0.6,0.4,0.0
predictable_tail_crash,two_stage,0.018169814431057037,0.01856157414677747,-0.0014638032333832123,-0.0019587985786021626,0.007817445657894499,-0.2635601128266716,-0.28805614589064527,-0.2278436685942034,0.48837853020544,0.064,0.01705515595016862,0.0015064181966088458,0.001317390372735785,0.0013685302212248388,0.000551381935208699,0.0005265711189243558,0.0004698001102890376,0.07370268778148298,0.07242633379426167,0.04013372543247295,0.03924099136832366,0.009121403400793104,0.0014558085208358671,0.0005161944649650225,0.4,0.6,0.6
well_specified_high_sample,dfl,0.0009666984752106725,-0.0013133374406381914,0.011829799414450571,0.011400179579244319,0.006056343757958577,1.8869531520768625,23.616477696366317,-0.006117691343550313,0.8581595910367072,0.18488888888888888,-0.006543226505193572,0.005229889064555381,0.0002450924029375607,0.0002756570716455666,0.0004931077476618737,0.000487148944610038,0.00028373887218624436,0.050323702647149644,3.683325176590092,0.0013361652333237263,0.01918755012503918,0.011975283186939975,0.000554929580857673,0.0003168529326743689,0.0,0.0,0.0
well_specified_high_sample,equal_weight,0.006983105374333426,0.006991234835482649,-4.06473057461187e-05,-4.06473057461187e-05,0.003383876116616596,-0.0211536775255708,-0.018346433881355314,-0.0643447481924349,0.0,0.9466666666666667,-0.006543226505193572,0.013534461340676221,0.0006123992302380195,0.0006078725599150453,0.00017953714739690798,0.00017953714739690798,0.0002783133052600363,0.05177227434140125,0.07175965380835687,0.0172964599623969,0.0,0.022177733244221592,0.000554929580857673,0.00011408674704102094,0.0,0.0,0.0
well_specified_high_sample,min_variance,0.0052314471182214025,0.005238343447765645,-3.34744826754631e-05,-3.448164772121495e-05,0.0026145463506507404,-0.016363047449788302,-0.013986756343357675,-0.04666334070525284,8.777712888913319e-17,0.9822222222222223,-0.006543226505193572,0.011781569952959217,0.0003329965168488661,0.00033883818744237564,0.00013040620435064083,0.0001303429734467801,9.682182721577388e-05,0.0490696497799895,0.06859025062824685,0.012459915752281885,2.831779195848278e-17,0.005621826951410463,0.000554929580857673,0.00029487784488943535,0.0,0.0,0.0
well_specified_high_sample,robust_dfl,0.0008565433262017639,-0.0014842670133240641,0.012126100778740342,0.011704051697629139,0.005995545948043422,1.958689469336178,20.022849202913235,-0.008576650099413597,0.8432023337220119,0.16177777777777777,-0.006543226505193572,0.005058959491869508,0.0005224966090286366,0.0005976250758311587,0.0005220113159017304,0.0005189331963195464,0.0002803112195606016,0.07146430044710274,3.7058737509669624,0.0015748702947416674,0.012864463702951892,0.010095837059200486,0.000554929580857673,0.00032006500188825373,0.0,0.0,0.0
well_specified_high_sample,robust_two_stage,-0.0017621645776180566,-0.0040657490309800315,0.011880097241808423,0.011517922266809874,0.005112341689957485,2.255935347589242,34.90806544606507,-0.001559945846805033,0.7234697567748853,0.13955555555555557,-0.006543226505193572,0.002477477474213541,0.0005102146843450039,0.0006059011244216784,0.0005755841466953116,0.0005677175872167884,0.00022073894121966124,0.07742311116820541,14.087930751747665,0.0010947797720102744,0.020276168610026308,0.012460307350112164,0.000554929580857673,0.0003597959861715158,0.0,0.0,0.0
well_specified_high_sample,two_stage,-0.0029875683650593546,-0.005781251993816116,0.014385661997499948,0.0139684181437838,0.005578605925623162,2.509051275770928,1097.5777631275444,-0.0013605236706260905,0.8330169574822207,0.07111111111111111,-0.006543226505193572,0.0007619745113774572,0.00030577790815975527,0.00038836401826109385,0.0005277359416655953,0.0005210887127077337,0.0002286696550859813,0.06743359544278606,995.2033911336989,0.0007783520294204563,0.01803087916750427,0.0070272836892630655,0.000554929580857673,0.0002960067223215697,1.0,1.0,1.0
